Episode,Ep start ts,Feedback ts,Human Reward,Environment Reward
1,20:56:51.693314,20:57:03.151523,-1,-1.0
1,20:56:51.693314,20:57:11.805795,1,-1.0
