Episode,Ep start ts,Feedback ts,Human Reward,Environment Reward
1,09:09:14.711013,09:09:25.235905,1,-1.0
1,09:09:14.711013,09:09:49.489139,-1,-1.0
