Episode,Ep start ts,Feedback ts,Human Reward,Environment Reward
1,09:58:28.047687,09:58:43.311850,1,-1.0
1,09:58:28.047687,09:58:56.749367,1,-1.0
