Episode,Ep start ts,Feedback ts,Human Reward,Environment Reward
1,17:47:36.912373,17:48:03.202548,1,-1.0
1,17:47:36.912373,17:48:08.227343,1,-1.0
