Episode,Ep start ts,Feedback ts,Human Reward,Environment Reward
1,12:14:06.315559,12:14:12.437299,1,-1.0
1,12:14:06.315559,12:14:21.779375,1,-1.0
